{
  "train_loss": [
    0.23868298096711046,
    0.21351432981244345,
    0.20924154236540718,
    0.1830071601800757,
    0.1586029496642612
  ],
  "val_loss": [
    0.1415176217281708,
    0.144312511860697,
    0.13778486213221464,
    0.11056028932577984,
    0.10771796692695677
  ],
  "train_acc": [
    0.21785559670979845,
    0.23226225407667517,
    0.24197893116552022,
    0.2762759151474337,
    0.3189908124488912
  ],
  "val_acc": [
    0.10992315402606082,
    0.11025726695623121,
    0.11237331551397706,
    0.18175743401269628,
    0.19846308052121617
  ],
  "val_mae": [
    2.388461966811449,
    2.4617440694954893,
    2.3919144670898764,
    1.651186100902105,
    1.6096447265842522
  ],
  "test_acc": 0.20302013422818793,
  "test_mae": 1.6595078299776287,
  "backbone": "mobilenet"
}