{
  "train_loss": [
    0.27294353531422944,
    0.22036779349570987,
    0.21815179877043733,
    0.19768073476169687,
    0.20477971156123764
  ],
  "val_loss": [
    0.137073290127,
    0.13179124561091257,
    0.12902333632133123,
    0.1275374485993587,
    0.12436614708663998
  ],
  "train_acc": [
    0.21607580932223772,
    0.2285583722160758,
    0.238058588676704,
    0.2470777815190726,
    0.24486507287507817
  ],
  "val_acc": [
    0.08040984519434236,
    0.08497605524000446,
    0.0936629914244348,
    0.09421984630805212,
    0.10680476667780377
  ],
  "val_mae": [
    2.7195678806103127,
    2.374095110814122,
    2.5301258492036975,
    2.465864795634258,
    2.2267513086089763
  ],
  "test_acc": 0.10917225950782998,
  "test_mae": 2.133221476510067,
  "backbone": "vgg16"
}