{
  "train_loss": [
    0.31180412377367417,
    0.27078000659087137,
    0.23383925230556754,
    0.22389571599820354,
    0.22497972709699435
  ],
  "val_loss": [
    0.13169764271888665,
    0.1368101396281465,
    0.12728410994405637,
    0.12344019046099551,
    0.12660009823536233
  ],
  "train_acc": [
    0.20825917552551831,
    0.2230987541488287,
    0.23036221078454952,
    0.23514839578623312,
    0.24366251382942902
  ],
  "val_acc": [
    0.07918476445038423,
    0.07027508631250697,
    0.08686936184430337,
    0.0972268626795857,
    0.08341686156587594
  ],
  "val_mae": [
    2.4433678583361176,
    2.4019378549949884,
    2.222630582470208,
    2.2009132420091326,
    2.2123844526116496
  ],
  "test_acc": 0.09776286353467561,
  "test_mae": 2.1661073825503356,
  "backbone": "vgg19"
}