{
  "train_loss": [
    0.4165580707871757,
    0.35082897851334555,
    0.3352906977633898,
    0.21930525613891091,
    0.1365692943979324
  ],
  "val_loss": [
    0.18629405264075635,
    0.15286839217850354,
    0.15057468018917214,
    0.0979634544767659,
    0.0877311216065193
  ],
  "train_acc": [
    0.16506325460580115,
    0.177882534032421,
    0.18860936071961135,
    0.2820481985665496,
    0.3803694261388234
  ],
  "val_acc": [
    0.04610758436351487,
    0.08698073282102683,
    0.09154694286668894,
    0.2557077625570776,
    0.28499832943534914
  ],
  "val_mae": [
    3.77057578794966,
    2.852322084864684,
    2.726806994097338,
    1.3666332553736495,
    1.1758547722463526
  ],
  "test_acc": 0.2986577181208054,
  "test_mae": 1.2100671140939598,
  "backbone": "inception"
}